vehicle_type,distance_km,cargo_weight_kg,traffic_level,road_type,fuel_consumed_liters,carbon_emission_kg
truck,399.29,925.34,1.67,highway,49.36,27.148
truck,225.69,508.87,1.19,highway,10.93,6.0115
van,75.72,3257.93,0.58,city,18.6,5.952
car,5.39,4961.14,1.43,city,4.97,1.0437
car,8.5,125.08,1.29,mixed,0.14,0.0294
car,28.1,4869.04,0.85,city,15.12,3.1752
truck,311.1,1918.49,1.97,highway,94.06,51.733
truck,430.67,3404.73,1.18,city,224.93,123.7115
van,471.39,2820.81,1.08,city,186.69,59.7408
bike,119.29,1212.72,1.52,highway,17.59,0.8795
van,22.02,4547.51,0.89,city,11.59,3.7088
car,262.43,2738.08,0.78,mixed,56.05,11.7705
car,388.69,4698.1,1.84,city,436.8,91.728
truck,461.33,451.58,0.79,highway,13.17,7.2435
car,166.04,1949.5,0.91,highway,23.56,4.9476
van,181.59,1411.86,1.31,highway,26.87,8.5984
bike,402.09,382.01,1.98,highway,24.33,1.2165
van,150.28,80.26,0.8,mixed,0.96,0.3072
truck,386.78,379.48,1.04,highway,12.21,6.7155
van,432.24,3120.26,1.0,mixed,134.87,43.1584
truck,336.08,3332.95,1.39,city,202.41,111.3255
truck,282.82,1920.81,1.96,mixed,106.48,58.564
bike,362.26,1187.56,0.88,mixed,37.86,1.893
bike,356.78,563.35,1.16,mixed,23.32,1.166
truck,448.4,2382.1,1.34,city,186.07,102.3385
bike,128.4,2057.81,1.63,highway,34.45,1.7225
van,301.44,3476.98,1.82,city,247.98,79.3536
bike,151.34,536.42,1.18,city,12.45,0.6225
car,271.97,4039.13,1.84,mixed,202.13,42.4473
car,59.48,1147.4,1.14,highway,6.22,1.3062
bike,155.87,831.63,1.3,city,21.91,1.0955
bike,347.76,1354.37,0.87,mixed,40.98,2.049
car,113.29,2794.93,1.11,city,45.69,9.5949
bike,130.69,1241.91,1.54,mixed,25.0,1.25
bike,78.3,4988.73,0.9,city,45.7,2.285
car,208.46,174.92,1.02,highway,2.98,0.6258
truck,341.95,2659.36,1.17,city,138.31,76.0705
van,298.38,413.46,1.05,highway,10.36,3.3152
truck,402.55,2356.8,1.98,city,244.2,134.31
truck,409.13,3993.74,0.73,mixed,119.28,65.604
car,349.43,4293.21,0.99,mixed,148.52,31.1892
car,258.49,1140.21,1.47,highway,34.66,7.2786
bike,201.8,2593.58,1.76,mixed,92.12,4.606
van,368.93,1053.27,1.31,city,66.18,21.1776
truck,118.13,883.03,1.97,highway,16.44,9.042
car,498.15,4827.44,1.34,mixed,322.24,67.6704
truck,172.82,1752.56,1.59,mixed,48.16,26.488
van,444.11,3901.58,1.46,mixed,252.98,80.9536
bike,85.01,4493.79,1.41,mixed,53.86,2.693
van,55.23,3320.87,0.51,city,12.16,3.8912
car,245.38,2247.64,1.99,highway,87.8,18.438
van,122.44,1633.74,1.62,mixed,32.41,10.3712
truck,330.52,2845.86,0.64,mixed,60.2,33.11
car,136.28,1227.51,1.96,highway,26.23,5.5083
truck,446.56,3159.38,1.69,city,309.96,170.478
bike,290.57,2467.66,0.79,highway,45.32,2.266
van,143.98,131.34,1.47,highway,2.22,0.7104
van,470.53,4770.1,1.87,mixed,419.72,134.3104
van,12.65,4642.31,1.14,highway,5.36,1.7152
truck,481.99,4266.52,0.94,highway,154.64,85.052
van,426.31,1591.44,0.75,highway,40.71,13.0272
car,468.4,3483.19,1.36,city,288.45,60.5745
van,337.22,1799.65,0.88,city,69.43,22.2176
car,164.66,4244.86,0.7,city,63.61,13.3581
van,278.65,1489.59,1.13,city,60.97,19.5104
bike,307.7,417.15,0.51,highway,5.24,0.262
van,326.73,3512.81,1.69,mixed,193.97,62.0704
truck,18.67,2898.54,1.16,mixed,6.28,3.454
car,167.44,783.66,1.97,city,33.6,7.056
car,430.9,1258.75,0.56,mixed,30.37,6.3777
car,270.86,1639.99,1.74,highway,61.83,12.9843
truck,47.25,267.89,1.3,mixed,1.65,0.9075
truck,320.53,3633.2,1.96,city,296.73,163.2015
car,25.33,2000.12,1.15,city,7.57,1.5897
truck,129.18,929.83,0.62,mixed,7.45,4.0975
bike,345.81,300.39,1.87,mixed,19.43,0.9715
car,123.69,478.43,0.77,highway,3.65,0.7665
bike,320.94,2588.31,1.49,highway,99.02,4.951
car,366.37,248.1,1.35,mixed,12.27,2.5767
bike,64.48,1715.98,0.64,mixed,7.08,0.354
bike,159.15,4897.76,0.76,city,77.01,3.8505
car,248.35,2372.62,0.76,city,58.22,12.2262
bike,202.26,3083.09,1.45,city,117.55,5.8775
van,190.43,3133.04,1.25,highway,59.66,19.0912
van,331.05,823.04,0.61,mixed,16.62,5.3184
car,18.12,2933.02,1.91,city,13.2,2.772
truck,323.43,2296.68,1.32,highway,78.44,43.142
van,196.12,4806.34,1.86,highway,140.26,44.8832
bike,111.22,1892.52,0.56,city,15.32,0.766
truck,171.59,3282.06,1.08,city,79.07,43.4885
car,173.61,1310.87,1.24,city,36.69,7.7049
bike,177.43,4683.87,0.56,highway,37.23,1.8615
bike,483.95,2744.38,1.14,mixed,151.41,7.5705
bike,367.17,647.17,0.88,mixed,20.91,1.0455
car,283.12,1200.6,1.52,mixed,51.67,10.8507
bike,122.93,1894.87,1.3,highway,24.23,1.2115
car,152.33,508.92,0.58,highway,3.6,0.756
bike,424.34,1780.98,1.94,mixed,146.61,7.3305
van,243.85,2470.2,0.62,highway,29.88,9.5616
truck,303.21,2772.98,0.82,highway,55.16,30.338
truck,391.74,576.19,1.9,city,55.75,30.6625
truck,497.99,288.8,1.61,highway,18.52,10.186
truck,354.39,4843.57,1.53,city,341.41,187.7755
van,434.1,4194.02,1.14,city,269.82,86.3424
bike,411.82,3534.15,0.62,highway,72.19,3.6095
car,493.39,1877.61,1.06,highway,78.56,16.4976
truck,454.31,2963.52,1.03,mixed,138.67,76.2685
truck,389.69,2796.44,1.14,city,161.5,88.825
truck,60.04,2468.2,0.52,city,10.02,5.511
car,371.78,3838.3,1.73,mixed,246.87,51.8427
bike,342.11,1195.16,1.1,highway,35.98,1.799
bike,434.96,1125.74,1.94,highway,75.99,3.7995
van,280.22,1620.21,0.57,highway,20.7,6.624
truck,459.96,1272.42,1.54,highway,72.1,39.655
car,87.28,1091.88,0.94,highway,7.17,1.5057
bike,349.98,1927.17,1.61,mixed,108.59,5.4295
van,479.56,298.74,1.09,highway,12.49,3.9968
van,88.99,3237.77,1.08,city,40.45,12.944
van,43.48,4872.23,1.98,city,54.53,17.4496
truck,270.37,1554.54,1.72,highway,57.83,31.8065
bike,455.91,4114.46,1.92,highway,288.13,14.4065
truck,459.99,422.91,1.81,mixed,35.21,19.3655
bike,86.59,2062.16,1.67,city,38.77,1.9385
van,492.72,1889.93,1.62,highway,120.68,38.6176
car,415.44,2849.72,0.6,highway,56.83,11.9343
truck,71.26,78.22,0.61,highway,0.27,0.1485
bike,499.86,4983.22,1.33,highway,265.03,13.2515
bike,472.66,4249.74,0.87,city,227.18,11.359
bike,68.93,4770.71,1.41,city,60.28,3.014
bike,337.49,3094.46,1.04,mixed,108.61,5.4305
car,251.59,2386.29,1.75,city,136.58,28.6818
van,409.11,4840.19,0.63,mixed,124.75,39.92
bike,297.03,2405.43,1.13,highway,64.59,3.2295
bike,321.48,4027.17,1.85,city,311.36,15.568
car,306.0,3186.86,1.33,mixed,129.7,27.237
truck,364.57,2741.76,1.18,mixed,117.95,64.8725
van,152.49,2622.78,1.55,highway,49.59,15.8688
van,232.38,4212.04,1.65,highway,129.2,41.344
car,312.3,1743.59,0.81,mixed,44.11,9.2631
van,174.07,2690.94,1.19,mixed,55.74,17.8368
truck,73.72,3207.96,0.77,highway,14.57,8.0135
truck,437.79,2581.03,1.96,highway,177.18,97.449
car,115.81,4110.74,1.02,city,63.13,13.2573
bike,20.74,2748.09,1.3,city,9.63,0.4815
car,185.31,2522.05,1.54,highway,57.58,12.0918
car,400.71,3143.22,0.62,city,101.52,21.3192
truck,460.83,314.78,0.92,highway,10.68,5.874
van,375.39,930.76,0.81,mixed,28.3,9.056
van,244.84,3095.09,1.05,city,103.44,33.1008
bike,35.86,747.22,0.7,mixed,1.88,0.094
truck,423.0,3750.58,0.55,city,113.43,62.3865
car,180.3,1991.85,0.66,mixed,23.7,4.977
bike,95.23,2824.19,1.76,city,61.54,3.077
car,269.99,1173.75,1.01,highway,25.61,5.3781
van,180.78,3247.63,1.22,mixed,71.63,22.9216
car,295.49,3729.74,1.15,mixed,126.74,26.6154
car,145.47,1821.78,1.47,city,50.64,10.6344
truck,181.27,4932.71,1.41,highway,100.86,55.473
bike,55.38,772.77,0.87,city,4.84,0.242
truck,48.5,4031.27,0.58,highway,9.07,4.9885
truck,30.56,101.03,1.55,mixed,0.48,0.264
car,201.94,4847.66,1.8,city,229.07,48.1047
car,132.66,862.73,1.5,highway,13.73,2.8833
car,280.6,2862.35,0.92,highway,59.11,12.4131
car,484.16,3557.65,0.8,highway,110.24,23.1504
van,61.84,3056.99,0.93,highway,14.06,4.4992
car,81.41,2410.89,1.3,highway,20.41,4.2861
car,171.62,680.73,0.6,city,9.11,1.9131
bike,343.86,448.46,0.71,highway,8.76,0.438
bike,62.76,2371.1,1.41,mixed,20.98,1.049
car,57.82,4255.13,1.62,city,51.81,10.8801
car,466.8,4954.74,0.81,mixed,187.34,39.3414
truck,463.59,3610.77,0.57,highway,76.33,41.9815
van,414.83,3755.0,1.7,mixed,264.81,84.7392
bike,97.27,1186.1,1.45,city,21.75,1.0875
van,161.52,2945.65,1.52,mixed,72.32,23.1424
van,191.59,2318.77,0.95,mixed,42.2,13.504
truck,253.85,1168.74,1.85,mixed,54.89,30.1895
car,274.06,4533.3,1.44,mixed,178.91,37.5711
car,470.22,3142.26,1.0,mixed,147.76,31.0296
truck,311.94,2671.97,1.84,highway,122.69,67.4795
car,377.44,3537.83,1.67,highway,178.4,37.464
car,106.25,3573.18,1.24,city,61.2,12.852
bike,55.94,2687.04,1.07,highway,12.87,0.6435
van,303.96,2516.42,1.31,highway,80.16,25.6512
truck,207.43,3861.69,0.52,mixed,41.65,22.9075
truck,284.93,3583.73,1.4,mixed,142.96,78.628
car,454.68,2921.13,1.1,mixed,146.1,30.681
car,473.91,775.22,1.38,city,65.91,13.8411
car,307.67,100.37,1.81,highway,4.47,0.9387
van,16.4,3260.32,1.66,mixed,8.88,2.8416
car,39.12,395.83,0.66,highway,0.82,0.1722
car,455.79,622.83,0.85,city,31.37,6.5877
car,97.23,4189.08,1.0,city,52.95,11.1195
truck,117.56,3043.39,1.07,highway,30.63,16.8465
bike,106.76,3941.07,1.41,mixed,59.33,2.9665
truck,210.18,4318.96,1.88,mixed,170.66,93.863
car,243.01,4593.09,1.38,mixed,154.03,32.3463
van,456.81,1248.65,1.37,city,101.59,32.5088
bike,457.85,1818.35,1.37,city,148.27,7.4135
car,11.48,3321.05,0.77,highway,2.35,0.4935
bike,280.87,4304.55,1.3,highway,125.74,6.287
truck,299.72,344.71,1.62,mixed,16.74,9.207
van,449.54,1033.65,0.79,highway,29.37,9.3984
bike,238.67,2828.56,0.6,city,52.66,2.633
truck,229.38,2626.71,1.16,city,90.86,49.973
car,282.02,784.65,0.77,highway,13.63,2.8623
truck,473.33,1872.81,0.91,city,104.87,57.6785
car,207.32,136.68,0.73,city,2.69,0.5649
truck,331.17,145.21,0.83,mixed,3.99,2.1945
truck,255.23,2979.29,1.01,highway,61.44,33.792
truck,444.29,2788.04,1.58,mixed,195.71,107.6405
van,494.42,3019.96,1.71,highway,204.26,65.3632
car,106.47,1472.81,1.84,mixed,28.85,6.0585
car,47.33,1047.35,0.54,highway,2.14,0.4494
truck,293.61,2112.91,1.84,mixed,114.15,62.7825
bike,174.2,1304.52,1.07,mixed,24.32,1.216
truck,137.69,3124.5,1.11,city,62.08,34.144
bike,220.88,1479.38,1.92,city,81.56,4.078
van,74.36,4343.66,1.23,city,51.65,16.528
truck,400.93,2131.82,0.53,city,58.89,32.3895
bike,273.11,3171.06,0.89,city,100.2,5.01
car,418.29,4922.17,1.29,highway,212.48,44.6208
car,139.79,101.77,1.87,highway,2.13,0.4473
car,290.38,1377.54,1.33,highway,42.56,8.9376
car,415.72,1040.04,0.52,highway,17.99,3.7779
truck,450.51,4370.71,1.4,highway,220.53,121.2915
bike,249.67,2870.74,1.76,highway,100.92,5.046
van,386.6,2115.96,1.03,city,109.53,35.0496
truck,96.26,460.78,1.66,highway,5.89,3.2395
bike,419.35,2191.6,1.87,mixed,171.86,8.593
truck,307.15,4747.04,1.09,city,206.61,113.6355
car,367.62,1082.55,0.55,mixed,21.89,4.5969
truck,421.56,4233.58,1.93,mixed,344.45,189.4475
car,313.55,2376.44,1.02,highway,60.8,12.768
bike,250.27,3445.13,1.15,mixed,99.15,4.9575
truck,410.46,3999.09,1.54,city,328.62,180.741
car,297.16,1811.26,0.64,mixed,34.45,7.2345
bike,72.73,4751.68,1.17,mixed,40.43,2.0215
van,273.24,4366.0,1.6,highway,152.7,48.864
bike,331.1,3464.46,1.77,highway,162.43,8.1215
car,247.27,1113.84,1.98,highway,43.63,9.1623
car,24.52,3530.82,1.89,mixed,16.36,3.4356
car,286.13,4578.29,0.55,highway,57.64,12.1044
truck,152.19,4622.74,1.96,mixed,137.89,75.8395
bike,239.74,4311.59,1.77,city,237.85,11.8925
truck,415.31,194.67,1.39,mixed,11.24,6.182
van,64.68,394.0,1.54,city,5.1,1.632
truck,205.22,2866.41,1.71,highway,80.47,44.2585
car,162.78,3133.2,1.83,city,121.33,25.4793
van,120.31,131.76,1.81,city,3.73,1.1936
truck,437.98,2649.4,1.91,mixed,221.63,121.8965
truck,498.98,1760.05,1.65,highway,115.93,63.7615
car,242.54,3141.25,1.81,mixed,137.9,28.959
bike,385.3,2094.66,1.13,highway,72.96,3.648
bike,123.19,561.27,1.03,city,9.26,0.463
car,151.67,1175.7,0.56,highway,7.99,1.6779
bike,493.92,2144.59,1.08,mixed,114.4,5.72
car,400.0,1302.32,1.38,mixed,71.89,15.0969
van,442.68,3007.98,1.86,city,321.97,103.0304
bike,372.96,334.28,1.1,highway,10.97,0.5485
truck,119.13,4154.91,0.68,mixed,33.66,18.513
car,195.12,193.29,1.94,city,9.51,1.9971
bike,33.63,4845.82,1.83,mixed,29.82,1.491
van,497.48,877.74,1.09,city,61.87,19.7984
car,349.53,777.94,1.72,city,60.8,12.768
bike,115.79,2689.5,1.39,city,56.27,2.8135
bike,50.29,4388.53,0.9,highway,15.89,0.7945
bike,26.97,4262.45,0.55,mixed,6.32,0.316
van,466.14,3678.71,0.92,mixed,157.76,50.4832
car,133.58,3619.87,1.24,city,77.95,16.3695
bike,113.99,3419.46,0.61,highway,19.02,0.951
car,250.1,2408.13,1.39,city,108.83,22.8543
truck,177.17,3393.3,1.35,highway,64.93,35.7115
bike,439.92,3989.16,1.49,highway,209.19,10.4595
truck,434.31,3544.73,1.76,highway,216.76,119.218
bike,341.67,3096.87,1.63,mixed,172.47,8.6235
bike,441.03,4360.5,0.54,mixed,103.85,5.1925
car,68.79,1682.24,1.62,mixed,18.75,3.9375
car,409.89,4162.35,1.26,mixed,214.97,45.1437
car,147.08,3088.47,1.97,highway,71.59,15.0339
van,133.6,3173.69,1.31,mixed,55.54,17.7728
van,57.96,3807.53,1.31,city,37.58,12.0256
truck,199.11,905.69,1.63,city,38.21,21.0155
van,91.01,3856.56,1.92,highway,53.91,17.2512
van,38.34,2915.03,1.02,city,14.82,4.7424
van,27.64,4358.97,1.96,highway,18.89,6.0448
van,376.08,659.13,1.64,mixed,40.65,13.008
bike,15.95,1624.81,1.23,mixed,3.19,0.1595
truck,343.23,2235.05,0.91,highway,55.85,30.7175
van,215.96,2262.42,0.75,mixed,36.64,11.7248
bike,348.37,1111.64,0.62,city,31.21,1.5605
van,328.98,1373.57,1.93,highway,69.77,22.3264
bike,455.21,4288.23,1.95,mixed,380.65,19.0325
bike,223.94,1566.64,0.98,city,44.7,2.235
truck,374.19,1009.79,1.8,city,88.42,48.631
truck,238.41,2720.73,0.74,highway,38.4,21.12
bike,50.13,776.75,1.18,city,5.97,0.2985
van,13.84,3986.02,0.94,city,6.74,2.1568
truck,96.8,2315.87,0.5,mixed,11.21,6.1655
bike,305.62,1245.22,1.34,highway,40.8,2.04
van,36.78,2914.04,0.9,mixed,9.65,3.088
van,230.33,67.99,0.61,city,1.24,0.3968
car,487.48,3612.22,1.49,highway,209.9,44.079
bike,476.56,4540.02,1.59,mixed,344.01,17.2005
van,77.23,522.93,1.36,mixed,5.49,1.7568
van,243.77,1059.64,1.02,city,34.25,10.96
van,40.85,2675.87,1.82,city,25.86,8.2752
bike,413.13,1795.43,0.98,city,94.5,4.725
truck,104.43,3469.04,1.73,city,81.47,44.8085
truck,336.84,4758.23,0.69,mixed,110.59,60.8245
car,299.41,3086.86,1.42,highway,104.99,22.0479
car,467.92,4737.28,1.44,city,414.96,87.1416
truck,408.34,409.77,1.84,city,40.02,22.011
car,393.0,2409.71,0.56,city,68.94,14.4774
car,45.41,311.16,0.87,highway,0.98,0.2058
bike,436.53,1103.88,1.96,highway,75.56,3.778
van,436.56,2173.94,0.57,city,70.32,22.5024
car,361.0,1149.99,1.99,highway,66.09,13.8789
truck,326.91,1005.72,1.52,highway,39.98,21.989
car,20.17,1295.84,1.19,city,4.04,0.8484
bike,364.95,3716.11,1.14,city,200.99,10.0495
van,254.9,2721.07,1.27,highway,70.47,22.5504
van,19.55,1983.62,1.41,mixed,5.47,1.7504
car,397.51,3278.5,1.99,city,337.15,70.8015
car,182.78,1925.4,1.2,highway,33.78,7.0938
truck,121.72,3882.24,1.11,city,68.19,37.5045
truck,318.11,1870.51,1.27,highway,60.45,33.2475
bike,39.22,2191.46,0.65,highway,4.47,0.2235
truck,298.49,2901.28,1.49,mixed,129.03,70.9665
car,327.8,1567.62,1.1,mixed,56.53,11.8713
bike,9.47,2946.18,1.4,highway,3.12,0.156
truck,229.63,1187.89,0.61,city,21.63,11.8965
van,262.29,1691.65,1.74,highway,61.76,19.7632
bike,128.11,3089.55,1.56,city,80.27,4.0135
van,192.78,3031.64,1.04,highway,48.63,15.5616
bike,422.86,4030.29,1.38,mixed,235.19,11.7595
car,106.89,568.48,0.9,city,7.11,1.4931
bike,267.93,4683.66,0.56,mixed,70.27,3.5135
truck,228.84,4670.04,0.97,highway,82.93,45.6115
truck,25.58,750.23,1.98,mixed,3.8,2.09
truck,13.6,1622.42,1.96,mixed,4.32,2.376
truck,130.84,2613.43,1.01,city,44.9,24.695
van,67.24,672.25,0.72,city,4.23,1.3536
car,367.78,820.29,0.78,mixed,23.53,4.9413
van,82.3,1180.46,1.95,mixed,18.94,6.0608
car,332.51,4893.37,1.06,city,224.21,47.0841
car,125.85,4156.08,1.8,highway,75.32,15.8172
van,60.99,3979.6,1.88,highway,36.5,11.68
truck,470.73,4135.93,1.5,highway,233.63,128.4965
car,177.54,804.84,1.41,mixed,20.15,4.2315
bike,433.89,4966.75,1.63,highway,281.02,14.051
bike,147.9,554.46,1.48,city,15.78,0.789
car,463.21,2196.48,1.85,highway,150.58,31.6218
bike,162.01,4345.81,1.06,city,97.02,4.851
car,326.29,1648.62,1.45,city,101.4,21.294
truck,283.9,1908.29,1.32,highway,57.21,31.4655
bike,275.12,2227.65,0.52,mixed,31.87,1.5935
truck,88.38,3216.45,1.64,highway,37.3,20.515
truck,273.47,4757.88,1.77,highway,184.24,101.332
bike,173.92,1907.18,1.1,highway,29.19,1.4595
truck,269.13,3043.45,1.65,city,175.69,96.6295
car,360.47,4778.06,0.53,mixed,91.28,19.1688
truck,8.74,3240.9,1.85,highway,4.19,2.3045
van,463.88,310.73,1.9,city,35.6,11.392
truck,55.2,2434.5,0.89,city,15.55,8.5525
truck,465.15,2665.98,1.37,city,220.86,121.473
van,360.23,2005.53,1.97,city,185.02,59.2064
bike,263.63,624.88,1.79,mixed,29.49,1.4745
bike,96.37,1483.44,1.69,highway,19.33,0.9665
car,459.29,2128.39,0.63,city,80.06,16.8126
bike,189.89,2637.23,0.67,highway,26.84,1.342
truck,320.8,2580.72,1.39,city,149.6,82.28
bike,325.07,882.12,1.04,city,38.77,1.9385
van,386.12,2787.62,0.88,city,123.14,39.4048
van,412.19,2124.45,1.5,city,170.76,54.6432
truck,313.81,2264.32,1.38,mixed,98.06,53.933
bike,369.75,4315.36,0.83,highway,105.95,5.2975
car,16.7,3213.44,1.41,mixed,7.57,1.5897
car,132.16,3163.76,0.59,highway,19.74,4.1454
car,140.9,2989.26,1.51,city,82.68,17.3628
car,225.67,3625.34,0.52,city,55.31,11.6151
truck,303.59,1692.76,1.86,highway,76.47,42.0585
car,136.12,3230.0,1.39,highway,48.89,10.2669
van,186.64,1724.37,1.43,highway,36.82,11.7824
bike,416.77,3351.32,0.6,highway,67.04,3.352
van,440.64,3257.88,1.3,highway,149.3,47.776
car,169.84,3350.74,1.99,city,147.22,30.9162
car,281.1,3655.95,1.2,city,160.32,33.6672
van,48.94,4808.71,1.45,mixed,34.12,10.9184
bike,89.39,2053.29,1.13,mixed,20.74,1.037
van,5.61,1511.26,1.97,mixed,1.67,0.5344
van,194.35,607.95,1.96,city,30.11,9.6352
bike,369.9,3845.31,0.87,city,160.87,8.0435
bike,51.0,1292.67,1.68,highway,8.86,0.443
bike,413.9,3912.32,1.56,city,328.4,16.42
van,155.05,1322.93,1.04,highway,17.07,5.4624
car,468.79,2773.47,0.96,city,162.26,34.0746
truck,471.48,4367.95,0.74,city,198.11,108.9605
truck,289.42,2837.21,1.09,mixed,89.5,49.225
bike,62.6,4089.07,1.07,city,35.61,1.7805
car,362.1,714.98,0.82,city,27.6,5.796
bike,164.65,124.24,0.73,mixed,1.49,0.0745
car,478.87,2869.48,1.9,city,339.4,71.274
bike,242.28,1575.5,1.41,highway,43.06,2.153
car,449.64,4148.37,0.98,mixed,182.8,38.388
bike,413.47,3334.87,0.68,highway,75.01,3.7505
car,255.52,1170.43,0.62,highway,14.83,3.1143
truck,255.54,2203.16,0.66,city,48.31,26.5705
van,111.94,3101.74,1.48,mixed,51.39,16.4448
truck,35.37,3906.0,1.19,city,21.37,11.7535
car,497.46,298.32,1.54,highway,18.28,3.8388
truck,123.39,719.82,0.68,city,7.85,4.3175
car,55.02,3463.89,0.59,mixed,11.24,2.3604
van,407.92,3079.94,0.96,city,156.79,50.1728
truck,363.54,3962.55,1.11,highway,127.92,70.356
truck,187.04,2076.51,1.74,highway,54.06,29.733
bike,385.81,65.05,1.12,mixed,2.81,0.1405
bike,14.5,1306.47,1.64,city,4.04,0.202
van,269.98,1083.86,0.52,city,19.78,6.3296
bike,488.06,4009.67,1.94,highway,303.72,15.186
truck,136.6,3233.99,1.25,mixed,55.22,30.371
bike,246.68,758.74,0.99,city,24.09,1.2045
van,406.29,3074.27,1.79,city,290.65,93.008
bike,478.33,674.39,0.65,highway,16.77,0.8385
bike,345.63,2193.64,0.88,city,86.74,4.337
car,24.02,4509.79,1.19,mixed,12.89,2.7069
truck,331.38,4476.64,1.46,mixed,216.59,119.1245
bike,37.99,2596.86,0.73,highway,5.76,0.288
truck,341.71,217.95,0.63,mixed,4.69,2.5795
bike,40.68,365.57,0.52,highway,0.62,0.031
van,370.07,1772.72,0.94,mixed,61.67,19.7344
van,388.45,3310.24,0.78,mixed,100.3,32.096
car,53.71,3304.91,1.65,city,38.08,7.9968
car,45.9,2578.14,1.85,highway,17.51,3.6771
bike,194.06,1036.38,0.68,city,17.78,0.889
van,388.44,3223.08,1.3,city,211.58,67.7056
truck,484.4,3995.58,0.94,city,236.51,130.0805
car,245.58,4602.28,1.28,city,188.07,39.4947
truck,26.65,562.93,1.4,highway,1.68,0.924
bike,191.12,2754.96,1.08,city,73.92,3.696
car,140.53,4642.3,1.51,mixed,98.51,20.6871
car,11.29,4962.15,1.51,city,11.0,2.31
truck,440.24,1299.57,1.32,highway,60.42,33.231
bike,114.43,4892.2,1.62,city,117.9,5.895
truck,94.39,278.75,0.98,city,3.35,1.8425
truck,138.32,2702.39,1.59,city,77.26,42.493
bike,344.22,468.44,1.95,mixed,31.44,1.572
truck,79.58,1718.49,1.12,highway,12.25,6.7375
bike,372.99,3063.58,0.66,mixed,75.42,3.771
bike,51.41,2890.09,1.82,highway,21.63,1.0815
truck,84.62,2794.63,1.72,highway,32.54,17.897
truck,495.95,504.9,1.1,city,35.81,19.6955
car,106.0,2779.87,1.6,mixed,47.15,9.9015
truck,98.07,1783.37,1.68,city,38.2,21.01
car,381.69,186.2,1.62,city,14.97,3.1437
bike,479.25,1846.02,0.99,mixed,87.59,4.3795
truck,156.27,4384.49,1.99,mixed,136.35,74.9925
bike,323.47,3904.19,0.83,city,136.27,6.8135
bike,333.21,19.38,0.77,city,0.65,0.0325
car,87.61,914.78,1.08,highway,6.92,1.4532
truck,437.76,2555.45,1.59,highway,142.3,78.265
van,116.59,3517.69,0.58,city,30.92,9.8944
car,403.47,1356.41,1.74,highway,76.18,15.9978
truck,43.14,302.17,1.0,city,1.69,0.9295
car,355.3,3945.19,1.28,highway,143.54,30.1434
van,65.58,3680.17,0.85,mixed,20.51,6.5632
van,35.96,4008.82,1.65,highway,19.03,6.0896
van,153.22,875.67,1.46,mixed,19.59,6.2688
truck,344.53,4955.72,1.62,mixed,276.6,152.13
bike,475.4,1022.65,1.35,city,85.32,4.266
car,86.82,3504.26,1.38,city,54.58,11.4618
bike,350.35,4648.79,1.67,mixed,271.99,13.5995
car,427.1,1135.45,1.07,highway,41.51,8.7171
van,402.31,2296.35,1.22,city,146.52,46.8864
car,44.9,3642.42,1.24,highway,16.22,3.4062
van,366.11,3829.91,0.74,highway,83.01,26.5632
truck,461.7,2365.58,0.52,city,73.83,40.6065
car,22.96,1385.84,0.91,city,3.76,0.7896
van,487.54,1862.32,1.14,highway,82.81,26.4992
bike,137.73,790.35,1.78,mixed,19.38,0.969
van,311.75,2814.34,1.02,city,116.34,37.2288
bike,387.07,441.26,0.86,mixed,14.69,0.7345
van,68.35,4411.86,1.09,city,42.73,13.6736
van,394.92,3125.88,1.24,highway,122.46,39.1872
car,76.76,3628.53,0.79,highway,17.6,3.696
truck,157.81,4735.71,1.95,highway,116.59,64.1245
bike,15.91,3602.84,1.13,highway,5.18,0.259
truck,343.46,2730.08,1.97,highway,147.78,81.279
car,204.97,2717.3,1.69,highway,75.3,15.813
bike,308.39,1138.47,1.77,city,80.79,4.0395
bike,74.78,3324.3,0.82,city,26.5,1.325
car,431.68,2306.21,1.62,mixed,161.28,33.8688
van,60.41,1786.31,1.97,mixed,21.26,6.8032
truck,251.14,1705.49,1.81,city,100.78,55.429
truck,380.42,3773.0,0.53,highway,60.86,33.473
truck,440.39,4354.19,0.86,highway,131.93,72.5615
van,492.57,3862.34,0.54,highway,82.19,26.3008
van,234.65,4547.01,1.31,mixed,139.77,44.7264
car,189.11,2263.97,1.1,mixed,47.1,9.891
truck,223.33,986.09,0.78,highway,13.74,7.557
van,141.84,1568.62,1.46,mixed,32.48,10.3936
van,448.99,2605.75,1.17,city,177.95,56.944
van,87.19,3071.23,1.04,mixed,27.85,8.912
car,88.58,2540.19,1.4,mixed,31.5,6.615
van,185.03,3665.85,1.73,highway,93.88,30.0416
van,400.3,4839.1,1.79,highway,277.39,88.7648
van,371.17,1605.14,1.98,highway,94.37,30.1984
truck,65.6,3628.68,0.98,city,30.33,16.6815
car,216.61,819.54,0.52,highway,7.38,1.5498
truck,266.06,3599.57,1.84,city,229.08,125.994
car,367.09,945.19,1.79,city,80.74,16.9554
car,59.82,3800.32,1.98,city,58.52,12.2892
truck,327.58,1577.16,0.88,city,59.1,32.505
truck,440.51,2631.92,0.87,city,131.13,72.1215
car,360.94,2106.39,1.86,mixed,141.41,29.6961
truck,99.67,3072.75,1.15,city,45.79,25.1845
bike,421.52,2361.72,1.97,mixed,196.12,9.806
bike,67.5,3384.13,0.99,mixed,22.61,1.1305
truck,87.73,3279.86,1.99,mixed,57.26,31.493
truck,43.15,1708.5,1.8,mixed,13.27,7.2985
car,183.39,351.84,1.64,highway,8.47,1.7787
car,380.83,4519.0,0.85,highway,117.03,24.5763
truck,34.25,4495.25,1.48,city,29.62,16.291
truck,5.09,853.71,1.08,city,0.61,0.3355
car,117.23,1914.24,0.69,mixed,15.48,3.2508
car,402.17,2400.56,0.53,city,66.52,13.9692
car,483.29,646.0,1.56,city,63.32,13.2972
truck,413.89,3499.58,1.76,highway,203.94,112.167
truck,312.57,2800.33,1.44,highway,100.83,55.4565
van,319.37,2254.71,0.83,highway,47.81,15.2992
bike,38.83,1323.95,0.57,highway,2.34,0.117
van,145.5,4124.43,0.61,highway,29.29,9.3728
truck,366.47,2998.05,0.6,city,85.7,47.135
bike,168.55,1708.63,1.98,mixed,57.02,2.851
truck,268.0,4192.38,0.93,mixed,104.49,57.4695
truck,497.74,4279.92,1.28,highway,218.14,119.977
van,416.53,2998.9,0.67,highway,66.95,21.424
bike,455.27,3349.31,1.74,highway,212.26,10.613
van,261.14,2157.83,0.98,city,71.79,22.9728
truck,73.07,1710.67,0.75,city,12.19,6.7045
van,474.31,2231.78,1.68,mixed,177.84,56.9088
van,339.83,667.15,0.85,highway,15.42,4.9344
truck,327.85,4753.15,1.4,mixed,218.16,119.988
bike,255.6,3174.18,0.61,highway,39.59,1.9795
car,184.12,2367.74,0.57,mixed,24.85,5.2185
van,237.47,2257.82,1.21,mixed,64.88,20.7616
van,237.52,2242.87,1.21,highway,51.57,16.5024
bike,270.82,4272.14,0.57,mixed,65.95,3.2975
van,58.47,1700.91,1.7,highway,13.53,4.3296
van,258.77,1474.51,1.9,highway,58.0,18.56
van,48.11,3089.16,0.67,mixed,9.96,3.1872
truck,256.17,4372.37,1.24,mixed,138.89,76.3895
car,496.44,666.13,0.91,highway,24.07,5.0547
van,213.8,2061.0,1.86,highway,65.57,20.9824
bike,305.91,1553.77,1.74,mixed,82.7,4.135
van,411.49,17.81,1.45,mixed,1.06,0.3392
car,132.52,307.03,1.41,city,7.46,1.5666
car,61.67,1925.36,1.18,city,18.21,3.8241
bike,64.91,2100.55,1.63,highway,17.78,0.889
van,44.69,1780.31,1.91,mixed,15.2,4.864
bike,340.94,1815.98,1.39,city,111.88,5.594
car,319.87,4567.3,1.42,mixed,207.45,43.5645
van,320.75,3707.5,1.29,mixed,153.4,49.088
van,495.68,4101.86,1.54,mixed,313.11,100.1952
truck,245.57,2890.23,0.57,highway,32.36,17.798
car,281.53,1722.41,1.59,highway,61.68,12.9528
car,423.57,3465.54,1.14,mixed,167.34,35.1414
bike,141.31,1538.5,1.68,city,47.48,2.374
van,412.1,4289.24,1.87,mixed,330.54,105.7728
truck,162.84,2915.17,1.06,highway,40.26,22.143
car,354.27,3445.14,1.06,highway,103.5,21.735
truck,75.58,4451.58,1.02,mixed,34.32,18.876
bike,261.03,1900.76,0.51,mixed,25.3,1.265
truck,396.9,2983.98,0.65,highway,61.59,33.8745
van,185.47,1097.28,1.98,highway,32.24,10.3168
truck,345.7,711.36,1.23,mixed,30.25,16.6375
truck,482.19,1927.19,0.56,city,67.65,37.2075
truck,197.05,808.52,0.54,mixed,8.6,4.73
bike,231.97,1453.33,1.85,highway,49.9,2.495
bike,478.18,1576.69,1.83,city,179.36,8.968
van,274.96,450.13,1.41,city,22.69,7.2608
van,20.31,4854.0,1.66,highway,13.09,4.1888
bike,241.55,2665.97,0.75,highway,38.64,1.932
truck,420.08,1787.37,1.74,highway,104.52,57.486
truck,92.7,2542.16,1.52,highway,28.66,15.763
van,416.19,2728.69,0.75,mixed,85.17,27.2544
van,499.86,761.1,1.73,mixed,65.82,21.0624
bike,496.95,4402.77,1.44,highway,252.05,12.6025
van,312.23,1014.55,1.09,highway,27.62,8.8384
bike,356.89,4535.64,0.7,mixed,113.31,5.6655
bike,301.56,1773.77,1.19,city,82.75,4.1375
bike,374.2,2751.12,0.59,highway,48.59,2.4295
car,22.06,4848.34,1.92,city,26.7,5.607
van,51.37,3775.56,1.24,mixed,24.05,7.696
car,248.25,2617.0,1.34,mixed,87.06,18.2826
truck,304.85,4594.49,1.04,highway,116.53,64.0915
truck,447.75,2285.34,1.17,mixed,119.72,65.846
truck,297.75,4034.88,1.21,mixed,145.37,79.9535
bike,34.44,25.81,1.46,highway,0.1,0.005
van,123.99,1566.38,0.88,highway,13.67,4.3744
bike,485.91,1111.52,1.6,city,112.34,5.617
van,464.98,162.44,1.81,city,17.77,5.6864
car,318.11,3225.91,1.73,highway,142.03,29.8263
van,367.86,2647.6,1.69,mixed,164.6,52.672
truck,104.32,4973.3,0.63,city,42.49,23.3695
truck,26.86,1715.49,1.45,mixed,6.68,3.674
bike,7.8,4686.08,1.73,highway,5.06,0.253
truck,442.79,3503.17,0.66,mixed,102.38,56.309
bike,362.96,1408.87,1.53,mixed,78.24,3.912
car,156.54,2750.16,1.45,highway,49.94,10.4874
bike,350.39,40.38,0.65,city,1.2,0.06
van,342.47,573.53,1.76,city,44.94,14.3808
van,76.87,3553.45,1.5,mixed,40.97,13.1104
van,432.38,2012.52,0.94,city,106.34,34.0288
truck,453.52,1614.26,1.21,highway,70.87,38.9785
bike,322.04,4895.12,1.41,highway,177.82,8.891
truck,325.67,623.37,1.83,mixed,37.15,20.4325
van,227.43,2933.47,1.44,city,124.89,39.9648
car,234.27,1180.92,0.95,mixed,26.28,5.5188
car,283.83,608.57,1.88,city,42.22,8.8662
van,250.86,1428.53,0.7,city,32.61,10.4352
truck,31.89,3745.74,0.98,mixed,11.71,6.4405
bike,258.01,243.79,0.91,city,7.44,0.372
bike,36.03,4198.3,0.51,highway,6.17,0.3085
van,371.75,1588.19,0.65,highway,30.7,9.824
truck,138.84,4215.13,0.97,city,73.8,40.59
truck,471.78,2117.7,1.07,mixed,106.9,58.795
bike,62.43,221.04,1.35,mixed,1.86,0.093
bike,353.41,31.77,0.75,highway,0.67,0.0335
truck,334.86,4830.58,1.64,highway,212.22,116.721
van,352.76,1497.28,0.66,mixed,34.86,11.1552
truck,323.85,250.45,1.04,mixed,8.44,4.642
van,433.58,2385.08,0.67,city,90.07,28.8224
truck,188.06,271.25,1.65,city,10.94,6.017
bike,411.98,4253.24,0.82,highway,114.95,5.7475
car,238.78,4401.98,0.82,highway,68.95,14.4795
truck,305.84,1483.55,0.7,mixed,31.76,17.468
van,370.61,1584.98,1.47,highway,69.08,22.1056
van,358.04,1004.08,1.84,mixed,66.15,21.168
truck,335.1,4118.31,1.67,highway,184.37,101.4035
van,54.43,3443.34,0.86,city,20.95,6.704
van,419.94,3549.82,1.92,mixed,286.22,91.5904
bike,369.42,1657.91,1.86,highway,91.13,4.5565
truck,439.44,217.87,1.1,highway,8.43,4.6365
van,230.18,1343.59,0.83,city,33.37,10.6784
van,67.15,94.57,1.66,city,1.37,0.4384
bike,64.5,1335.26,0.53,highway,3.65,0.1825
bike,387.71,2594.62,1.02,city,133.39,6.6695
van,5.67,1506.0,1.47,mixed,1.26,0.4032
van,424.3,127.74,1.85,highway,8.02,2.5664
truck,391.29,2295.4,1.1,mixed,98.8,54.34
bike,117.98,1240.55,1.23,mixed,18.0,0.9
van,239.54,298.64,1.94,highway,11.1,3.552
truck,393.67,4956.73,1.32,mixed,257.57,141.6635
van,42.42,1834.75,0.84,mixed,6.54,2.0928
car,448.56,4237.5,0.97,mixed,184.37,38.7177
truck,490.92,2641.05,1.86,mixed,241.16,132.638
van,323.2,4051.2,1.92,city,326.81,104.5792
van,363.87,2698.68,0.59,city,75.32,24.1024
car,346.6,4653.73,1.25,highway,161.3,33.873
truck,27.06,2084.05,0.95,city,6.96,3.828
truck,180.36,4745.87,1.94,city,215.87,118.7285
car,464.69,3806.66,1.32,city,303.55,63.7455
bike,232.01,2808.76,1.8,highway,93.84,4.692
truck,338.8,693.63,1.99,city,60.79,33.4345
truck,198.97,3298.98,0.66,mixed,43.32,23.826
van,497.44,3561.5,1.97,highway,279.21,89.3472
van,133.47,2190.61,1.39,mixed,40.64,13.0048
car,313.06,4906.08,0.79,mixed,121.34,25.4814
bike,454.41,4719.07,1.94,highway,332.81,16.6405
van,488.77,3788.98,0.74,city,178.16,57.0112
van,158.45,1167.88,1.19,highway,17.62,5.6384
truck,480.28,3820.26,1.78,highway,261.27,143.6985
bike,9.47,1791.58,1.89,city,4.17,0.2085
truck,319.01,1118.16,0.98,city,45.44,24.992
truck,365.79,486.04,1.14,highway,16.21,8.9155
bike,243.04,3315.55,0.68,highway,43.84,2.192
car,201.93,4598.46,1.99,highway,147.83,31.0443
bike,243.37,3180.86,0.64,city,64.41,3.2205
truck,33.56,2227.38,0.91,highway,5.44,2.992
car,496.26,1937.75,1.36,city,170.02,35.7042
van,424.4,4512.16,1.82,mixed,348.52,111.5264
car,420.71,3761.34,0.84,highway,106.34,22.3314
bike,78.35,3400.95,0.84,highway,17.91,0.8955
van,221.12,2904.64,1.28,city,106.87,34.1984
truck,144.84,1771.72,1.84,mixed,47.22,25.971
car,446.82,2103.05,1.67,city,204.01,42.8421
van,251.28,1031.35,1.39,highway,28.82,9.2224
van,169.12,4276.6,0.81,highway,46.87,14.9984
truck,39.16,4704.51,1.26,mixed,23.21,12.7655
truck,406.38,4180.77,1.0,city,220.87,121.4785
bike,386.71,3276.71,0.73,highway,74.0,3.7
bike,271.85,1419.54,1.14,highway,35.19,1.7595
truck,68.29,3830.08,0.5,highway,10.46,5.753
van,263.64,282.63,1.96,mixed,14.6,4.672
truck,155.58,1526.67,0.85,mixed,20.19,11.1045
car,366.03,4834.56,0.84,mixed,148.65,31.2165
van,372.24,4243.64,1.13,city,232.05,74.256
car,166.02,3565.98,1.73,city,133.15,27.9615
bike,188.62,4510.68,1.71,mixed,145.49,7.2745
van,378.35,1972.04,1.39,highway,82.97,26.5504
van,43.84,2727.04,1.56,mixed,18.65,5.968
car,391.41,2923.03,1.93,city,287.06,60.2826
car,136.34,3011.75,0.94,highway,30.88,6.4848
truck,380.71,521.55,1.27,highway,20.17,11.0935
truck,187.79,4665.3,1.74,mixed,152.44,83.842
van,53.63,4019.56,0.68,city,19.06,6.0992
truck,425.98,1729.57,0.55,highway,32.42,17.831
bike,75.37,1074.83,1.5,highway,9.72,0.486
truck,63.84,3825.95,1.51,highway,29.51,16.2305
truck,276.91,1566.8,1.22,city,68.81,37.8455
bike,17.47,4196.6,0.52,city,4.96,0.248
bike,485.28,2193.93,0.85,mixed,90.5,4.525
bike,409.48,2736.69,1.95,mixed,218.52,10.926
bike,254.87,3595.09,1.79,highway,131.21,6.5605
van,401.0,2768.01,1.09,mixed,120.99,38.7168
truck,433.32,794.79,0.96,mixed,33.06,18.183
car,436.35,3366.79,1.7,mixed,249.75,52.4475
car,314.31,2863.01,1.75,mixed,157.48,33.0708
truck,11.02,3373.36,0.58,highway,1.72,0.946
van,147.38,1540.82,1.03,highway,18.71,5.9872
car,170.35,3666.17,1.11,city,90.12,18.9252
van,392.96,1435.93,1.15,mixed,64.89,20.7648
car,169.57,292.36,1.06,highway,4.2,0.882
bike,393.51,3670.1,0.67,mixed,96.76,4.838
truck,393.71,3009.5,1.99,city,306.53,168.5915
truck,218.85,4902.04,0.6,highway,51.49,28.3195
car,93.79,4853.68,0.67,city,39.65,8.3265
bike,370.25,3525.73,1.13,mixed,147.51,7.3755
bike,201.82,1328.74,0.81,highway,17.38,0.869
truck,137.92,1444.43,1.49,city,38.59,21.2245
car,303.8,394.13,0.61,city,9.5,1.995
van,152.16,469.41,1.4,mixed,10.0,3.2
truck,278.92,3211.74,1.56,city,181.67,99.9185
truck,284.01,2258.93,1.51,city,125.94,69.267
bike,265.25,1255.13,0.5,highway,13.32,0.666
truck,57.42,782.59,1.92,city,11.22,6.171
truck,442.08,1021.14,1.38,city,80.99,44.5445
car,341.66,2046.68,0.52,mixed,36.36,7.6356
bike,273.29,4698.86,0.83,highway,85.27,4.2635
bike,310.54,3699.65,0.82,city,122.47,6.1235
bike,251.53,3716.7,0.99,mixed,92.55,4.6275
bike,457.7,2175.76,0.89,highway,70.9,3.545
truck,363.11,55.18,1.38,highway,2.21,1.2155
truck,320.66,1217.69,1.57,mixed,61.3,33.715
bike,410.09,259.59,1.87,mixed,19.91,0.9955
bike,111.13,1361.32,0.87,mixed,13.16,0.658
bike,215.26,1084.57,1.4,city,42.49,2.1245
car,475.99,4194.07,1.71,mixed,341.37,71.6877
van,466.69,2725.83,0.8,city,132.3,42.336
car,372.73,3692.21,1.28,mixed,176.15,36.9915
car,188.7,4604.63,1.38,highway,95.93,20.1453
truck,138.08,1848.56,1.84,highway,37.57,20.6635
car,394.76,2277.18,1.45,mixed,130.35,27.3735
truck,354.2,2143.73,1.16,mixed,88.08,48.444
bike,393.07,2102.75,1.25,mixed,103.32,5.166
car,15.85,1512.22,1.25,highway,2.4,0.504
truck,248.09,4636.28,0.66,mixed,75.91,41.7505
truck,207.79,3279.32,0.89,city,78.84,43.362
bike,84.43,361.75,0.78,highway,1.91,0.0955
car,441.44,4072.49,1.53,mixed,275.06,57.7626
van,148.15,1555.94,0.87,city,26.07,8.3424
truck,131.17,3715.23,0.61,highway,23.78,13.079
bike,157.36,4569.8,1.93,city,180.42,9.021
car,189.89,1364.78,0.85,highway,17.62,3.7002
bike,452.26,397.43,1.74,mixed,31.28,1.564
car,263.19,3974.48,1.83,mixed,191.43,40.2003
van,375.44,2201.66,1.42,highway,93.9,30.048
truck,338.45,904.47,1.54,mixed,47.14,25.927
van,63.19,834.77,0.5,city,3.43,1.0976
bike,367.54,2579.52,0.74,highway,56.13,2.8065
car,14.47,837.08,1.84,city,2.9,0.609
car,180.36,535.67,0.83,highway,6.42,1.3482
car,305.84,1234.31,0.59,city,28.95,6.0795
truck,120.93,1105.57,1.94,mixed,25.94,14.267
bike,210.29,3771.79,1.81,mixed,143.56,7.178
car,208.87,3770.44,0.81,city,82.93,17.4153
truck,275.61,2881.29,0.53,mixed,42.09,23.1495
bike,349.83,2483.56,1.9,mixed,165.08,8.254
van,490.32,2566.3,0.67,city,109.6,35.072
bike,341.05,3867.2,1.93,highway,203.64,10.182
bike,307.61,4287.97,1.51,mixed,199.17,9.9585
truck,443.38,1117.28,1.57,highway,62.22,34.221
car,363.1,2682.93,1.75,highway,136.38,28.6398
car,422.45,2430.62,1.0,highway,82.15,17.2515
truck,228.39,925.38,1.78,highway,30.1,16.555
truck,235.82,387.74,1.08,city,12.84,7.062
truck,144.04,1047.7,0.56,city,10.99,6.0445
van,94.95,3717.98,1.77,highway,49.99,15.9968
bike,41.68,1883.59,1.71,mixed,13.42,0.671
van,498.61,2799.71,0.98,mixed,136.8,43.776
truck,178.51,1868.94,0.6,city,26.02,14.311
van,234.8,3616.46,1.49,mixed,126.52,40.4864
van,9.14,1096.16,1.49,highway,1.19,0.3808
bike,7.63,4024.43,1.66,mixed,5.1,0.255
van,37.9,3834.91,1.38,highway,16.05,5.136
van,377.11,4016.98,1.28,highway,155.12,49.6384
truck,337.22,3106.16,1.61,mixed,168.64,92.752
van,101.51,4453.14,1.62,highway,58.58,18.7456
van,380.56,2989.8,1.48,city,218.91,70.0512
bike,273.11,3793.75,0.96,highway,79.57,3.9785
bike,357.82,1937.2,1.38,highway,76.53,3.8265
van,301.89,4308.95,1.8,city,304.39,97.4048
van,374.15,2794.06,1.38,city,187.54,60.0128
van,224.71,2259.37,1.94,highway,78.8,25.216
van,276.92,2670.92,1.46,mixed,107.99,34.5568
car,116.4,2648.33,1.74,highway,42.91,9.0111
car,142.84,3277.0,1.74,city,105.88,22.2348
truck,389.51,4110.02,1.19,mixed,190.51,104.7805
car,394.42,3870.58,1.62,highway,197.85,41.5485
van,112.53,2325.31,0.9,highway,18.84,6.0288
bike,444.79,4123.39,1.45,city,345.72,17.286
car,392.97,2150.63,0.8,mixed,67.61,14.1981
bike,221.03,3337.19,0.64,mixed,47.21,2.3605
bike,290.47,345.61,0.64,mixed,6.42,0.321
bike,375.35,4035.26,1.79,highway,216.9,10.845
truck,124.54,211.35,1.12,highway,2.36,1.298
truck,16.1,1808.53,1.68,mixed,4.89,2.6895
car,159.83,3275.17,0.85,city,57.84,12.1464
truck,383.35,3122.48,1.64,mixed,196.31,107.9705
truck,258.26,36.68,1.91,highway,1.45,0.7975
bike,204.16,1959.06,0.6,highway,19.2,0.96
truck,367.84,3383.87,0.71,highway,70.7,38.885
van,286.89,4343.37,1.07,city,173.33,55.4656
truck,311.17,3169.03,1.2,highway,94.67,52.0685
van,249.6,4306.62,1.19,city,166.29,53.2128
bike,254.48,4746.51,1.75,mixed,211.38,10.569
truck,432.5,559.22,1.89,highway,36.57,20.1135
truck,346.99,3488.71,1.47,city,231.34,127.237
car,82.32,3183.34,1.4,mixed,36.69,7.7049
van,354.04,2281.31,1.5,highway,96.92,31.0144
car,89.02,105.53,1.67,mixed,1.57,0.3297
truck,351.32,4192.39,1.7,city,325.5,179.025
car,270.29,2447.59,1.1,highway,58.22,12.2262
car,288.44,1392.29,1.88,city,98.15,20.6115
truck,298.46,1781.07,0.58,highway,24.67,13.5685
van,119.24,4579.2,1.42,mixed,77.54,24.8128
van,346.89,2987.91,1.25,mixed,129.56,41.4592
truck,343.31,1883.45,1.7,mixed,109.92,60.456
bike,498.63,159.83,1.85,mixed,14.74,0.737
truck,486.82,2330.4,1.77,city,261.05,143.5775
car,170.96,344.41,1.96,highway,9.23,1.9383
bike,427.01,4690.45,0.63,mixed,126.18,6.309
car,40.16,1061.86,0.84,city,4.66,0.9786
car,471.48,383.36,1.16,mixed,20.97,4.4037
bike,380.85,4839.13,1.16,mixed,213.79,10.6895
van,107.6,3156.6,0.83,city,36.65,11.728
truck,185.97,1774.95,0.95,highway,25.09,13.7995
car,405.47,743.14,1.01,mixed,30.43,6.3903
van,81.69,422.86,1.23,mixed,4.25,1.36
truck,283.89,4020.99,0.71,city,105.36,57.948
car,255.23,728.95,1.44,city,34.83,7.3143
truck,45.72,2303.32,0.96,highway,8.09,4.4495
truck,33.2,2098.85,1.19,highway,6.63,3.6465
bike,289.27,3339.39,1.67,mixed,161.32,8.066
car,160.37,2694.73,1.76,highway,60.85,12.7785
van,445.31,1863.62,0.79,city,85.23,27.2736
bike,372.11,2467.92,1.22,mixed,112.04,5.602
van,183.89,4300.38,1.11,mixed,87.78,28.0896
truck,229.73,3814.61,0.69,highway,48.37,26.6035
bike,475.97,885.7,1.35,highway,45.53,2.2765
van,247.36,3227.28,0.84,mixed,67.06,21.4592
van,189.23,3311.72,0.71,city,57.84,18.5088
van,96.71,1400.43,0.83,highway,8.99,2.8768
car,413.73,1435.68,1.89,mixed,112.26,23.5746
van,188.73,3930.36,0.88,city,84.86,27.1552
truck,447.52,1694.03,1.59,highway,96.43,53.0365
truck,172.14,4942.72,0.54,mixed,45.95,25.2725
car,262.44,2614.55,1.38,highway,75.75,15.9075
bike,435.98,3965.05,1.44,highway,199.14,9.957
bike,80.26,2297.03,1.03,highway,15.19,0.7595
van,245.63,4604.49,0.56,city,82.34,26.3488
van,107.73,1198.35,1.86,mixed,24.01,7.6832
bike,235.82,3805.27,0.73,city,85.16,4.258
car,217.84,2988.58,2.0,city,169.27,35.5467
bike,355.52,2383.68,1.51,city,166.35,8.3175
bike,27.5,3236.54,0.84,mixed,7.48,0.374
bike,236.82,3870.03,0.69,city,82.21,4.1105
bike,427.23,4642.63,1.99,mixed,394.71,19.7355
truck,227.27,1195.02,0.57,highway,12.38,6.809
bike,60.24,3045.51,0.92,city,21.94,1.097
van,192.98,4009.21,1.09,mixed,84.33,26.9856
truck,67.12,3866.13,0.86,highway,17.85,9.8175
bike,285.06,4646.43,1.08,city,185.96,9.298
car,14.48,4136.02,1.29,highway,6.18,1.2978
bike,121.04,1731.97,0.55,mixed,11.53,0.5765
car,335.59,4666.69,0.9,highway,112.76,23.6796
car,340.86,1594.57,1.77,mixed,96.2,20.202
bike,443.0,3697.94,0.92,mixed,150.71,7.5355
van,481.86,61.32,1.57,highway,3.71,1.1872
van,313.23,4950.64,0.97,mixed,150.42,48.1344
car,44.08,2219.56,0.89,city,11.32,2.3772
van,418.11,4678.07,0.78,city,198.33,63.4656
van,103.25,832.78,0.86,mixed,7.39,2.3648
van,174.01,2249.41,1.87,mixed,73.2,23.424
car,7.49,309.88,1.86,city,0.56,0.1176
truck,452.66,4088.87,1.64,highway,242.83,133.5565
truck,233.88,4326.16,0.87,mixed,88.03,48.4165
car,428.79,1790.28,1.64,mixed,125.9,26.439
van,347.07,1365.45,0.79,city,48.67,15.5744
truck,174.34,2155.49,1.75,city,85.49,47.0195
bike,368.79,2661.96,0.93,mixed,91.3,4.565
car,153.47,2984.45,1.15,highway,42.14,8.8494
van,62.71,2738.01,1.85,mixed,31.76,10.1632
truck,331.04,4658.46,1.73,city,346.83,190.7565
van,330.23,4492.95,1.1,highway,130.57,41.7824
van,10.35,4134.49,1.7,highway,5.82,1.8624
car,290.54,2325.27,0.68,highway,36.75,7.7175
car,111.27,345.5,1.39,highway,4.27,0.8967
van,21.06,3297.0,1.3,mixed,9.03,2.8896
car,395.8,3743.32,1.34,highway,158.83,33.3543
car,214.66,3969.92,0.55,city,60.93,12.7953
bike,123.84,730.1,0.67,highway,4.85,0.2425
van,264.18,1099.12,1.98,highway,45.99,14.7168
bike,73.25,3446.93,1.85,mixed,46.71,2.3355
bike,42.84,4480.46,1.69,city,42.17,2.1085
truck,30.63,2790.98,0.73,city,8.11,4.4605
bike,182.38,4565.33,1.35,city,146.13,7.3065
truck,74.1,2886.6,1.64,highway,28.06,15.433
bike,141.5,1029.19,0.53,highway,6.17,0.3085
car,42.9,2109.6,1.4,mixed,12.67,2.6607
bike,159.34,1256.36,1.48,city,38.52,1.926
car,169.39,4641.23,1.77,mixed,139.15,29.2215
van,123.38,2566.38,1.66,mixed,52.56,16.8192
van,348.2,3244.7,0.85,mixed,96.03,30.7296
van,470.39,243.46,0.98,highway,8.98,2.8736
bike,450.13,4811.68,1.17,highway,202.73,10.1365
car,339.53,3294.22,0.61,mixed,68.23,14.3283
car,94.98,792.5,1.74,city,17.03,3.5763
van,212.5,849.34,1.82,mixed,32.85,10.512
truck,119.53,2517.11,1.6,highway,38.51,21.1805
truck,114.12,4432.05,1.9,mixed,96.1,52.855
truck,319.53,3152.81,1.1,city,144.06,79.233
car,267.99,3390.42,1.14,city,134.65,28.2765
truck,447.33,3293.69,0.51,city,97.68,53.724
bike,218.49,1901.41,1.87,city,100.99,5.0495
car,128.5,2741.88,0.91,city,41.68,8.7528
van,111.53,4422.93,1.34,city,85.93,27.4976
truck,357.86,3486.51,0.99,highway,98.82,54.351
bike,109.39,4287.39,1.73,mixed,81.14,4.057
car,70.54,1917.44,1.43,highway,15.47,3.2487
truck,391.19,4988.14,0.79,city,200.4,110.22
bike,218.34,1529.42,0.8,city,34.73,1.7365
truck,444.12,2105.05,1.25,mixed,116.86,64.273
car,389.26,661.2,1.35,mixed,34.75,7.2975
bike,399.62,3623.92,1.54,city,289.93,14.4965
truck,403.46,271.43,0.74,city,10.53,5.7915
car,120.74,128.3,1.75,highway,2.17,0.4557
truck,72.05,1165.06,1.8,highway,12.09,6.6495
car,463.82,1076.35,1.13,mixed,56.41,11.8461
car,429.69,3658.48,1.92,highway,241.46,50.7066
van,160.28,1246.89,1.55,highway,24.78,7.9296
van,487.03,2725.55,0.91,mixed,120.8,38.656
truck,139.39,4522.17,1.06,city,86.86,47.773
truck,30.03,2136.34,1.75,highway,8.98,4.939
truck,116.04,1138.13,1.73,highway,18.28,10.054
car,52.2,2255.79,1.01,highway,9.51,1.9971
car,143.47,1666.67,1.49,highway,28.5,5.985
bike,365.13,2427.11,1.54,mixed,136.48,6.824
bike,288.14,4029.11,1.64,highway,152.32,7.616
van,368.28,1739.33,1.11,city,92.43,29.5776
bike,414.54,2928.34,1.01,city,159.39,7.9695
bike,127.03,4880.4,1.02,mixed,63.24,3.162
van,65.45,564.57,1.47,mixed,5.43,1.7376
truck,413.9,3368.73,1.74,city,315.39,173.4645
bike,82.38,3692.38,1.04,city,41.12,2.056
van,138.97,415.34,1.99,city,14.93,4.7776
truck,494.27,4886.63,1.69,mixed,408.19,224.5045
bike,256.01,3193.13,1.98,city,210.42,10.521
truck,208.54,2143.16,1.0,highway,35.75,19.6625
van,426.03,1015.63,1.9,mixed,82.21,26.3072
van,412.52,2785.39,1.67,city,249.45,79.824
truck,410.1,210.29,1.83,highway,12.63,6.9465
truck,109.11,3829.16,0.88,mixed,36.77,20.2235
car,147.48,475.42,1.95,mixed,13.67,2.8707
van,80.13,4448.99,1.92,highway,54.76,17.5232
van,7.68,16.72,1.07,highway,0.01,0.0032
van,117.0,3464.85,0.85,highway,27.57,8.8224
van,374.8,1101.38,0.59,highway,19.48,6.2336
car,65.39,3509.9,0.67,city,19.99,4.1979
van,241.87,4645.01,1.0,city,146.05,46.736
bike,313.25,4035.72,1.76,mixed,222.5,11.125
van,389.84,3367.51,1.59,city,271.35,86.832
truck,318.54,4029.57,1.1,mixed,141.19,77.6545
van,298.05,837.85,0.54,highway,10.79,3.4528
car,275.61,4200.7,0.69,city,103.85,21.8085
van,432.19,761.93,1.78,highway,46.89,15.0048
van,364.79,3926.0,1.99,highway,228.0,72.96
van,339.8,3401.37,1.92,mixed,221.91,71.0112
truck,5.55,1367.05,0.83,highway,0.5,0.275
van,68.25,2217.41,0.56,highway,6.78,2.1696
bike,419.45,645.57,0.69,mixed,18.68,0.934
van,462.51,2308.74,1.25,highway,106.78,34.1696
bike,447.66,3228.07,0.93,city,174.71,8.7355
truck,446.14,78.03,0.98,mixed,3.41,1.8755
car,11.38,2706.09,1.78,mixed,5.48,1.1508
van,285.04,2577.16,0.63,highway,37.02,11.8464
truck,193.09,3039.61,1.08,highway,50.71,27.8905
van,52.01,1581.44,0.64,mixed,5.26,1.6832
